COUNTRY,ISO3,WHO_REGION,DATA_SOURCE,DATE_UPDATED,TOTAL_VACCINATIONS,PERSONS_VACCINATED_1PLUS_DOSE,TOTAL_VACCINATIONS_PER100,PERSONS_VACCINATED_1PLUS_DOSE_PER100,PERSONS_FULLY_VACCINATED,PERSONS_FULLY_VACCINATED_PER100,VACCINES_USED,FIRST_VACCINE_DATE,NUMBER_VACCINES_TYPES_USED,PERSONS_BOOSTER_ADD_DOSE,PERSONS_BOOSTER_ADD_DOSE_PER100
Afghanistan,AFG,EMRO,REPORTING,2022-03-22,5751015,5082824,14.773,13.057,4420127,11.355,"Beijing CNBG - BBIBP-CorV,Janssen - Ad26.COV 2-S,Pfizer BioNTech - Comirnaty,SII - Covishield",2021-02-22,4,,
Albania,ALB,EURO,REPORTING,2022-03-13,2764839,1296838,96.1,45.568,1215359,42.705,"AstraZeneca - Vaxzevria,Gamaleya - Gam-Covid-Vac,Pfizer BioNTech - Comirnaty,SII - Covishield,Sinovac - CoronaVac",2021-01-13,5,252642,8.8
Algeria,DZA,AFRO,REPORTING,2022-03-09,13704895,7461932,31.253,17.017,6110712,13.935,"Beijing CNBG - BBIBP-CorV,Gamaleya - Gam-Covid-Vac,SII - Covishield,Sinovac - CoronaVac",2021-01-30,4,490676,1.119
American Samoa,ASM,WPRO,REPORTING,2022-03-17,97346,43637,176.361,79.057,39137,70.904,"Janssen - Ad26.COV 2-S,Moderna - Spikevax,Pfizer BioNTech - Comirnaty",2020-12-21,3,15135,27.42
Andorra,AND,EURO,REPORTING,2022-03-13,151997,57817,196.7,75.898,53367,70.057,"AstraZeneca - Vaxzevria,Moderna - Spikevax,Pfizer BioNTech - Comirnaty",2021-01-20,3,40813,52.8
Angola,AGO,AFRO,REPORTING,2022-03-25,17535411,11235059,53.354,34.184,5993792,18.237,SII - Covishield,2021-03-10,1,306560,0.933
Anguilla,AIA,AMRO,REPORTING,2022-03-25,22714,10572,151.406,70.471,9624,64.151,"AstraZeneca - Vaxzevria,Pfizer BioNTech - Comirnaty",2021-02-05,2,2518,16.784
Antigua and Barbuda,ATG,AMRO,REPORTING,2022-03-25,125386,63836,128.038,65.186,61550,62.852,"AstraZeneca - Vaxzevria,Beijing CNBG - BBIBP-CorV,Gamaleya - Gam-Covid-Vac,Janssen - Ad26.COV 2-S,Pfizer BioNTech - Comirnaty,SII - Covishield",2021-03-01,6,,
Argentina,ARG,AMRO,REPORTING,2022-03-25,96196458,40876997,212.844,90.444,36884932,81.611,"AstraZeneca - Vaxzevria,Beijing CNBG - BBIBP-CorV,CanSino - Convidecia,Gamaleya - Gam-Covid-Vac,Moderna - Spikevax,Pfizer BioNTech - Comirnaty,SII - Covishield",2020-12-29,7,18737846,41.459
Armenia,ARM,EURO,REPORTING,2022-03-13,2088962,1113472,70.5,37.576,948778,32.018,"AstraZeneca - Vaxzevria,Beijing CNBG - BBIBP-CorV,Gamaleya - Gam-Covid-Vac,Moderna - Spikevax,Sinovac - CoronaVac",2021-06-16,5,31064,1
Aruba,ABW,AMRO,REPORTING,2022-03-25,168887,87804,158.184,82.24,81083,75.945,"Janssen - Ad26.COV 2-S,Pfizer BioNTech - Comirnaty",2021-02-17,2,,
Australia,AUS,WPRO,REPORTING,2022-03-19,55680095,22162034,218.354,86.91,20931268,82.084,"AstraZeneca - Vaxzevria,Janssen - Ad26.COV 2-S,Moderna - Spikevax,Novavax - Covavax,Pfizer BioNTech - Comirnaty",2021-02-21,5,12484446,48.959
Austria,AUT,EURO,REPORTING,2022-03-20,17988516,6811616,202.1,76.526,6585985,73.991,"AstraZeneca - Vaxzevria,Janssen - Ad26.COV 2-S,Moderna - Spikevax,Pfizer BioNTech - Comirnaty",2020-12-30,4,4941323,55.5
Azerbaijan,AZE,EURO,REPORTING,2022-03-20,13205774,5339764,130.2,52.665,4814574,47.485,"AstraZeneca - Vaxzevria,Gamaleya - Gam-Covid-Vac,Pfizer BioNTech - Comirnaty,Sinovac - CoronaVac",2021-01-20,4,3051438,30.1
Bahamas,BHS,AMRO,REPORTING,2022-03-25,334155,164961,84.974,41.949,156089,39.693,"AstraZeneca - Vaxzevria,Janssen - Ad26.COV 2-S,Pfizer BioNTech - Comirnaty,SII - Covishield",2021-03-14,4,24540,6.24
Bahrain,BHR,EMRO,REPORTING,2022-03-23,3421273,1232740,201.065,72.447,1216033,71.465,"AstraZeneca - Vaxzevria,Beijing CNBG - BBIBP-CorV,Gamaleya - Gam-Covid-Vac,Gamaleya - Sputnik-Light,Janssen - Ad26.COV 2-S,Moderna - Spikevax,Pfizer BioNTech - Comirnaty,SII - Covishield",2020-11-04,8,972500,57.153
Bangladesh,BGD,SEARO,REPORTING,2022-03-22,226759273,126680831,137.689,76.921,93293436,56.648,"AstraZeneca - Vaxzevria,Beijing CNBG - BBIBP-CorV,Gamaleya - Gam-Covid-Vac,Janssen - Ad26.COV 2-S,Moderna - Spikevax,Pfizer BioNTech - Comirnaty,SII - Covishield,Sinovac - CoronaVac",2021-01-27,8,6785006,4.12
Barbados,BRB,AMRO,REPORTING,2022-03-25,359726,160869,125.177,55.979,150788,52.471,"AstraZeneca - Vaxzevria,Beijing CNBG - BBIBP-CorV,Janssen - Ad26.COV 2-S,Pfizer BioNTech - Comirnaty,SII - Covishield",2021-01-08,5,48069,16.727
Belarus,BLR,EURO,REPORTING,2022-03-20,11634483,5801653,123.1,61.398,5565214,58.895,"Beijing CNBG - BBIBP-CorV,Gamaleya - Gam-Covid-Vac",2021-02-03,2,522882,5.5
Belgium,BEL,EURO,REPORTING,2022-03-20,24797950,9220070,215.2,80.018,9112645,79.086,"AstraZeneca - Vaxzevria,Janssen - Ad26.COV 2-S,Moderna - Spikevax,Pfizer BioNTech - Comirnaty",2020-12-30,4,6890661,59.8
Belize,BLZ,AMRO,REPORTING,2022-03-25,467251,236015,117.51,59.356,209156,52.601,"AstraZeneca - Vaxzevria,Beijing CNBG - BBIBP-CorV,Janssen - Ad26.COV 2-S,Pfizer BioNTech - Comirnaty,SII - Covishield",2021-03-01,5,42815,10.768
Benin,BEN,AFRO,REPORTING,2022-03-22,3333450,2955274,27.496,24.377,2430934,20.052,"AstraZeneca - Vaxzevria,Janssen - Ad26.COV 2-S,Pfizer BioNTech - Comirnaty,SII - Covishield,Sinovac - CoronaVac",2021-03-29,5,,
Bermuda,BMU,AMRO,REPORTING,2022-03-25,127090,48196,204.085,77.395,46699,74.991,"AstraZeneca - Vaxzevria,Pfizer BioNTech - Comirnaty",2021-01-11,2,32195,51.7
Bhutan,BTN,SEARO,REPORTING,2022-03-20,1787937,687549,231.716,89.106,579640,75.121,"AstraZeneca - Vaxzevria,Beijing CNBG - BBIBP-CorV,Moderna - Spikevax,Pfizer BioNTech - Comirnaty,SII - Covishield",2021-03-27,5,520748,67.489
Bolivia (Plurinational State of),BOL,AMRO,REPORTING,2022-03-25,13034118,7061332,111.66,60.493,5769428,49.425,"Beijing CNBG - BBIBP-CorV,Gamaleya - Gam-Covid-Vac,Janssen - Ad26.COV 2-S,Moderna - Spikevax,Pfizer BioNTech - Comirnaty,SII - Covishield",2021-01-30,6,1198319,10.266
Bonaire,XAA,AMRO,REPORTING,2022-03-25,33217,17467,158.819,83.514,15750,75.305,,,,,
"Bonaire, Sint Eustatius and Saba",BES,AMRO,REPORTING,2021-04-09,7391,5726,28.441,22.034,2965,11.41,"Moderna - Spikevax,Pfizer BioNTech - Comirnaty",2021-02-22,2,,
Bosnia and Herzegovina,BIH,EURO,REPORTING,2022-01-29,1924950,943394,58.7,28.755,846080,25.789,"AstraZeneca - AZD1222, Pfizer BioNTech - Comirnaty, Sinovac - CoronaVac, Gamaleya - Sputnik V",,4,,
Botswana,BWA,AFRO,REPORTING,2022-03-21,2517260,1454775,107.043,61.862,1292541,54.964,"Bharat - Covaxin,Janssen - Ad26.COV 2-S,Moderna - Spikevax,Pfizer BioNTech - Comirnaty,SII - Covishield,Sinovac - CoronaVac",2021-03-26,6,243897,10.371
Brazil,BRA,AMRO,REPORTING,2022-03-25,392934020,176643311,184.858,83.103,154149623,72.521,"AstraZeneca - Vaxzevria,Janssen - Ad26.COV 2-S,Pfizer BioNTech - Comirnaty,SII - Covishield,Sinovac - CoronaVac",2021-01-17,5,66917024,31.482
British Virgin Islands,VGB,AMRO,REPORTING,2022-03-25,40537,19165,134.064,63.383,17646,58.359,"AstraZeneca - Vaxzevria,Janssen - Ad26.COV 2-S",2021-02-11,2,3726,12.323
Brunei Darussalam,BRN,WPRO,REPORTING,2022-03-18,1068468,407945,244.233,93.249,404935,92.561,"AstraZeneca - Vaxzevria,Beijing CNBG - BBIBP-CorV,Janssen - Ad26.COV 2-S,Moderna - Spikevax,Pfizer BioNTech - Comirnaty",2021-04-03,5,255588,58.423
Bulgaria,BGR,EURO,REPORTING,2022-03-20,4335926,2081276,62.4,29.94,2049284,29.48,"AstraZeneca - Vaxzevria,Janssen - Ad26.COV 2-S,Moderna - Spikevax,Pfizer BioNTech - Comirnaty",2020-12-30,4,707624,10.2
Burkina Faso,BFA,AFRO,REPORTING,2022-03-20,2369487,2131880,11.335,10.199,1188545,5.686,"Beijing CNBG - BBIBP-CorV,Janssen - Ad26.COV 2-S,SII - Covishield",2021-06-02,3,0,0
Burundi,BDI,AFRO,REPORTING,2022-03-18,12166,10372,0.102,0.087,9906,0.083,Beijing CNBG - BBIBP-CorV,2021-10-18,1,,
Cabo Verde,CPV,AFRO,REPORTING,2022-03-26,728077,354533,130.952,63.766,306782,55.178,"Beijing CNBG - BBIBP-CorV,Moderna - Spikevax,Pfizer BioNTech - Comirnaty,SII - Covishield",2021-03-18,4,66762,12.008
Cambodia,KHM,WPRO,REPORTING,2022-03-18,36495610,14778680,218.289,88.395,13895066,83.11,"AstraZeneca - Vaxzevria,Beijing CNBG - BBIBP-CorV,Janssen - Ad26.COV 2-S,Moderna - Spikevax,Pfizer BioNTech - Comirnaty,SII - Covishield,Sinovac - CoronaVac",2021-02-10,7,7761277,46.422
Cameroon,CMR,AFRO,REPORTING,2022-03-21,1558668,1348787,5.872,5.081,1048664,3.95,"Beijing CNBG - BBIBP-CorV,Janssen - Ad26.COV 2-S,Pfizer BioNTech - Comirnaty,SII - Covishield",2021-04-12,4,29565,0.111
Canada,CAN,AMRO,REPORTING,2022-03-25,81133561,32439866,214.968,85.951,30969013,82.054,"AstraZeneca - Vaxzevria,Janssen - Ad26.COV 2-S,Moderna - Spikevax,Pfizer BioNTech - Comirnaty,SII - Covishield",2020-12-14,5,17724682,46.963
Cayman Islands,CYM,AMRO,REPORTING,2022-03-25,141118,60364,214.726,91.85,58385,88.839,Pfizer BioNTech - Comirnaty,2021-01-15,1,22369,34.037
Central African Republic,CAF,AFRO,REPORTING,2022-03-25,1012846,923553,20.971,19.122,897945,18.592,"Bharat - Covaxin,SII - Covishield",2021-03-19,2,,
Chad,TCD,AFRO,REPORTING,2022-03-18,419469,282003,2.554,1.717,153238,0.933,Beijing CNBG - BBIBP-CorV,2021-06-04,1,,
Chile,CHL,AMRO,REPORTING,2022-03-25,50302177,17859475,263.139,93.426,17346012,90.74,"AstraZeneca - Vaxzevria,CanSino - Convidecia,Pfizer BioNTech - Comirnaty,Sinovac - CoronaVac",2020-12-21,4,13463841,70.432
China,CHN,WPRO,REPORTING,2022-03-18,3229317396,1280466763,219.489,87.03,1245572019,84.659,"Anhui ZL - Recombinant,Beijing CNBG - BBIBP-CorV,CanSino - Convidecia,IMB - Covidful,Pfizer BioNTech - Comirnaty,Shenzhen - LV-SMENP-DC,Sinovac - CoronaVac,Wuhan CNBG - Inactivated",2020-07-22,8,647228614,43.991
Colombia,COL,AMRO,REPORTING,2022-03-25,79932662,41765982,157.091,82.083,34495258,67.793,"AstraZeneca - Vaxzevria,Janssen - Ad26.COV 2-S,Moderna - Spikevax,Pfizer BioNTech - Comirnaty,Sinovac - CoronaVac",2021-02-17,5,9975127,19.604
Comoros,COM,AFRO,REPORTING,2022-03-21,637961,341102,73.362,39.225,301218,34.639,"Beijing CNBG - BBIBP-CorV,Bharat - Covaxin,SII - Covishield",2021-04-10,3,0,0
Congo,COG,AFRO,REPORTING,2022-03-23,818931,681597,14.841,12.352,640464,11.607,"Beijing CNBG - BBIBP-CorV,Gamaleya - Gam-Covid-Vac,Moderna - Spikevax,SII - Covishield",2021-03-23,4,,
Cook Islands,COK,WPRO,REPORTING,2022-03-08,39016,14992,222.136,85.356,14129,80.443,Pfizer BioNTech - Comirnaty,2021-05-17,1,9895,56.337
Costa Rica,CRI,AMRO,REPORTING,2022-03-25,10018261,4313391,196.663,84.674,3937449,77.294,"AstraZeneca - Vaxzevria,Pfizer BioNTech - Comirnaty",2020-12-24,2,1767421,34.695
Côte d’Ivoire,CIV,AFRO,REPORTING,2022-03-27,10364488,7111845,39.292,26.961,4599452,17.437,"Beijing CNBG - BBIBP-CorV,Gamaleya - Gam-Covid-Vac,Janssen - Ad26.COV 2-S,Pfizer BioNTech - Comirnaty,SII - Covishield",2021-03-01,5,0,0
Croatia,HRV,EURO,REPORTING,2022-03-20,5215021,2308109,128.5,56.909,2232415,55.01,"AstraZeneca - Vaxzevria,Janssen - Ad26.COV 2-S,Moderna - Spikevax,Pfizer BioNTech - Comirnaty",2020-12-23,4,871102,21.5
Cuba,CUB,AMRO,REPORTING,2022-03-25,35285468,10627958,311.527,93.832,9906796,87.465,"CIGB - CIGB-66,Finlay - Soberana Plus,Finlay - Soberana-02",,3,6199139,54.731
Curaçao,CUW,AMRO,REPORTING,2022-03-25,246296,107413,150.095,65.459,98451,59.997,"AstraZeneca - Vaxzevria,Moderna - Spikevax,Pfizer BioNTech - Comirnaty",2021-02-24,3,40432,24.64
Cyprus,CYP,EURO,REPORTING,2022-03-20,1730017,657318,194.8,74.022,656339,73.912,"AstraZeneca - Vaxzevria,Janssen - Ad26.COV 2-S,Moderna - Spikevax,Pfizer BioNTech - Comirnaty",2020-12-23,4,440227,49.6
Czechia,CZE,EURO,REPORTING,2022-03-20,17405777,6944088,162.8,64.935,6850185,64.057,"AstraZeneca - Vaxzevria,Janssen - Ad26.COV 2-S,Moderna - Spikevax,Pfizer BioNTech - Comirnaty",2020-12-23,4,4020910,37.6
Democratic Republic of the Congo,COD,AFRO,REPORTING,2022-03-24,964948,853971,1.077,0.954,519397,0.58,SII - Covishield,2021-04-19,1,0,0
Denmark,DNK,EURO,REPORTING,2022-03-20,13187998,4839082,226.5,83.106,4789541,82.255,"AstraZeneca - Vaxzevria,Janssen - Ad26.COV 2-S,Moderna - Spikevax,Pfizer BioNTech - Comirnaty",2020-12-16,4,3606285,61.9
Djibouti,DJI,EMRO,REPORTING,2022-03-20,165554,145050,16.756,14.681,105020,10.63,"Beijing CNBG - BBIBP-CorV,Gamaleya - Gam-Covid-Vac,Janssen - Ad26.COV 2-S,Pfizer BioNTech - Comirnaty,SII - Covishield,Sinovac - CoronaVac",2021-03-15,6,,
Dominica,DMA,AMRO,REPORTING,2022-03-25,62334,32403,86.586,45.01,29931,41.576,"AstraZeneca - Vaxzevria,Beijing CNBG - BBIBP-CorV,Pfizer BioNTech - Comirnaty,SII - Covishield",2021-02-12,4,,
Dominican Republic,DOM,AMRO,REPORTING,2022-03-25,15385783,7180689,141.832,66.194,5917791,54.552,"AstraZeneca - Vaxzevria,SII - Covishield,Sinovac - CoronaVac",2021-02-16,3,2287303,21.085
Ecuador,ECU,AMRO,REPORTING,2022-03-25,33080633,14831598,187.499,84.065,13697506,77.637,"AstraZeneca - Vaxzevria,CanSino - Convidecia,Pfizer BioNTech - Comirnaty,Sinovac - CoronaVac",2021-01-20,4,5105849,28.94
Egypt,EGY,EMRO,REPORTING,2022-03-20,76716981,44531740,74.967,43.516,31722116,30.998,"AstraZeneca - Vaxzevria,Beijing CNBG - BBIBP-CorV,Gamaleya - Gam-Covid-Vac,Janssen - Ad26.COV 2-S,Pfizer BioNTech - Comirnaty,Sinovac - CoronaVac",2021-01-24,6,1779114,1.739
El Salvador,SLV,AMRO,REPORTING,2022-03-25,10406656,4566851,160.443,70.409,4288368,66.115,"AstraZeneca - Vaxzevria,Beijing CNBG - BBIBP-CorV,Moderna - Spikevax,Pfizer BioNTech - Comirnaty,SII - Covishield,Sinovac - CoronaVac",2021-02-17,6,1492939,23.017
Equatorial Guinea,GNQ,AFRO,REPORTING,2022-03-24,467504,259685,33.322,18.509,207819,14.813,"Beijing CNBG - BBIBP-CorV,Sinovac - CoronaVac",2021-02-12,2,,
Estonia,EST,EURO,REPORTING,2022-03-20,2033613,839932,153,63.201,834603,62.8,"AstraZeneca - Vaxzevria,Janssen - Ad26.COV 2-S,Moderna - Spikevax,Pfizer BioNTech - Comirnaty",2020-12-23,4,436952,32.9
Eswatini,SWZ,AFRO,REPORTING,2022-03-20,509424,387509,43.91,33.401,318360,27.441,"Janssen - Ad26.COV 2-S,Pfizer BioNTech - Comirnaty,SII - Covishield",2021-03-19,3,66331,5.717
Ethiopia,ETH,AFRO,REPORTING,2022-03-27,29373478,24486746,25.55,21.3,20958931,18.231,"Beijing CNBG - BBIBP-CorV,Bharat - Covaxin,Janssen - Ad26.COV 2-S,SII - Covishield",2021-03-13,4,343954,0.299
Falkland Islands (Malvinas),FLK,AMRO,OWID,2021-04-14,4407,2632,126.529,75.567,1775,50.962,AstraZeneca - AZD1222,,1,,
Faroe Islands,FRO,EURO,OWID,2022-02-18,103894,41715,212.614,85.368,40895,83.69,"Moderna - mRNA-1273, Pfizer BioNTech - Comirnaty",,2,21284,43.557
Fiji,FJI,WPRO,REPORTING,2022-03-18,1420107,679918,158.415,75.846,626424,69.879,"AstraZeneca - Vaxzevria,Moderna - Spikevax,SII - Covishield",2021-03-07,3,113765,12.691
Finland,FIN,EURO,REPORTING,2022-03-20,11672091,4520352,211.2,81.812,4310904,78.021,"AstraZeneca - Vaxzevria,Janssen - Ad26.COV 2-S,Moderna - Spikevax,Pfizer BioNTech - Comirnaty",2020-12-23,4,2840835,51.4
France,FRA,EURO,REPORTING,2022-03-20,154105693,54778029,228.9,81.369,53943959,80.13,"AstraZeneca - Vaxzevria,Janssen - Ad26.COV 2-S,Moderna - Spikevax,Pfizer BioNTech - Comirnaty",2020-12-30,4,46451904,69
French Guiana,GUF,AMRO,REPORTING,2022-03-25,223449,96740,74.812,32.389,87340,29.242,"Moderna - Spikevax,Pfizer BioNTech - Comirnaty",2021-01-13,2,39369,13.181
French Polynesia,PYF,WPRO,REPORTING,2022-03-16,,186021,,66.221,,,"Janssen - Ad26.COV 2-S,Pfizer BioNTech - Comirnaty",2021-01-18,2,,
Gabon,GAB,AFRO,REPORTING,2022-03-24,550042,298245,24.713,13.4,251797,11.313,"Beijing CNBG - BBIBP-CorV,Gamaleya - Gam-Covid-Vac,Pfizer BioNTech - Comirnaty",2021-03-23,3,,
Gambia,GMB,AFRO,REPORTING,2022-03-20,363353,331266,15.035,13.708,318161,13.165,"Beijing CNBG - BBIBP-CorV,SII - Covishield",2021-03-10,2,0,0
Georgia,GEO,EURO,REPORTING,2022-03-13,2624483,1265735,65.8,31.729,1149474,28.815,"AstraZeneca - Vaxzevria,Beijing CNBG - BBIBP-CorV,Pfizer BioNTech - Comirnaty,Sinovac - CoronaVac",2021-03-17,4,209274,5.2
Germany,DEU,EURO,REPORTING,2022-03-20,171487704,63619584,206.2,76.496,63048352,75.81,"AstraZeneca - Vaxzevria,Janssen - Ad26.COV 2-S,Moderna - Spikevax,Pfizer BioNTech - Comirnaty",2020-12-23,4,48428606,58.2
Ghana,GHA,AFRO,REPORTING,2022-03-20,13026180,8991580,41.921,28.937,5050369,16.253,"Gamaleya - Gam-Covid-Vac,SII - Covishield",2021-03-02,2,119019,0.383
Gibraltar,GIB,EURO,OWID,2022-03-24,116358,42034,345.368,124.763,41228,122.371,"AstraZeneca - AZD1222, Pfizer BioNTech - Comirnaty",,2,33096,98.234
Greece,GRC,EURO,REPORTING,2022-03-20,20457794,7873300,190.9,73.455,7654823,71.416,"AstraZeneca - Vaxzevria,Janssen - Ad26.COV 2-S,Moderna - Spikevax,Pfizer BioNTech - Comirnaty",2020-12-23,4,5521660,51.5
Greenland,GRL,EURO,OWID,2022-03-07,79745,41243,140.465,72.647,38502,67.819,Moderna - mRNA-1273,,1,,
Grenada,GRD,AMRO,REPORTING,2022-03-25,87154,43292,77.454,38.474,37915,33.695,"AstraZeneca - Vaxzevria,Janssen - Ad26.COV 2-S,Pfizer BioNTech - Comirnaty,SII - Covishield",2021-02-15,4,5947,5.285
Guadeloupe,GLP,AMRO,REPORTING,2022-03-25,368100,147210,91.996,36.791,141176,35.283,"AstraZeneca - Vaxzevria,Janssen - Ad26.COV 2-S,Moderna - Spikevax,Pfizer BioNTech - Comirnaty",2021-01-08,6,79714,19.922
Guam,GUM,WPRO,REPORTING,2022-03-17,334957,152229,198.464,90.196,137851,81.677,"Janssen - Ad26.COV 2-S,Moderna - Spikevax,Pfizer BioNTech - Comirnaty",2021-01-04,3,56737,33.617
Guatemala,GTM,AMRO,REPORTING,2022-03-25,15845925,7624143,88.448,42.556,5929957,33.099,"AstraZeneca - Vaxzevria,Gamaleya - Gam-Covid-Vac,Moderna - Spikevax,Pfizer BioNTech - Comirnaty,SII - Covishield",2021-02-25,5,2291825,12.792
Guernsey,GGY,EURO,OWID,2022-03-23,150724,,233.797,,,,"Moderna - mRNA-1273, AstraZeneca - AZD1222, Pfizer BioNTech - Comirnaty",,3,,
Guinea,GIN,AFRO,REPORTING,2022-03-21,5952680,3472605,45.327,26.442,2480075,18.885,"Beijing CNBG - BBIBP-CorV,Gamaleya - Gam-Covid-Vac,Janssen - Ad26.COV 2-S,Pfizer BioNTech - Comirnaty,SII - Covishield,Sinovac - CoronaVac",2021-03-05,6,0,0
Guinea-Bissau,GNB,AFRO,REPORTING,2022-03-26,562620,519455,28.588,26.395,341495,17.352,"Beijing CNBG - BBIBP-CorV,SII - Covishield",2021-04-02,2,147,0.007
Guyana,GUY,AMRO,REPORTING,2022-03-25,889522,471864,113.091,59.991,360587,45.844,"AstraZeneca - Vaxzevria,Beijing CNBG - BBIBP-CorV,Gamaleya - Gam-Covid-Vac,Moderna - Spikevax,Pfizer BioNTech - Comirnaty,SII - Covishield",2021-02-11,6,57071,7.256
Haiti,HTI,AMRO,REPORTING,2022-03-25,249801,163710,2.191,1.436,112335,0.985,"Janssen - Ad26.COV 2-S,Moderna - Spikevax",,2,,
Honduras,HND,AMRO,REPORTING,2022-03-25,11995048,5377876,121.106,54.297,4777999,48.24,"AstraZeneca - Vaxzevria,Gamaleya - Gam-Covid-Vac,Janssen - Ad26.COV 2-S,Moderna - Spikevax,Pfizer BioNTech - Comirnaty,SII - Covishield",2021-02-22,6,1839548,18.573
Hungary,HUN,EURO,REPORTING,2022-03-20,15990006,6337093,163.7,64.866,6127792,62.724,"AstraZeneca - Vaxzevria,Beijing CNBG - BBIBP-CorV,Gamaleya - Gam-Covid-Vac,Janssen - Ad26.COV 2-S,Moderna - Spikevax,Pfizer BioNTech - Comirnaty,Sinovac - CoronaVac",2020-12-23,7,3749724,38.4
Iceland,ISL,EURO,REPORTING,2022-03-13,790798,305870,217.2,83.999,295983,81.284,"AstraZeneca - Vaxzevria,Janssen - Ad26.COV 2-S,Moderna - Spikevax,Pfizer BioNTech - Comirnaty",2020-12-30,4,243147,66.8
India,IND,SEARO,REPORTING,2022-03-22,1818558263,973471152,131.779,70.541,823082575,59.643,"Bharat - Covaxin,Gamaleya - Gam-Covid-Vac,Janssen - Ad26.COV 2-S,Moderna - Spikevax,SII - Covishield,Zydus - ZyCov-D",2021-01-16,6,22004536,1.595
Indonesia,IDN,SEARO,REPORTING,2022-03-22,368133995,194988786,134.589,71.288,155520807,56.858,"AstraZeneca - Vaxzevria,Beijing CNBG - BBIBP-CorV,Janssen - Ad26.COV 2-S,Moderna - Spikevax,Novavax - Covavax,Pfizer BioNTech - Comirnaty,Sinovac - CoronaVac",2021-01-13,7,17624402,6.443
Iran (Islamic Republic of),IRN,EMRO,REPORTING,2022-03-20,145265161,63700999,172.949,75.841,56491452,67.257,"AstraZeneca - Vaxzevria,Beijing CNBG - BBIBP-CorV,Bharat - Covaxin,Finlay - Soberana-02,Gamaleya - Gam-Covid-Vac,Shifa - COVIran Barakat",2021-02-09,6,25072710,29.851
Iraq,IRQ,EMRO,REPORTING,2022-03-23,17536902,10266670,43.6,25.525,7121524,17.705,"AstraZeneca - Vaxzevria,Beijing CNBG - BBIBP-CorV,Gamaleya - Gam-Covid-Vac,Pfizer BioNTech - Comirnaty",2021-03-02,4,148708,0.37
Ireland,IRL,EURO,REPORTING,2022-03-20,10579492,4034523,213.1,81.268,3974362,80.057,"AstraZeneca - Vaxzevria,Janssen - Ad26.COV 2-S,Moderna - Spikevax,Pfizer BioNTech - Comirnaty",2020-12-30,4,2808322,56.6
Isle of Man,IMN,EURO,OWID,2022-03-25,189426,69508,222.77,81.743,66951,78.736,"Moderna - mRNA-1273, AstraZeneca - AZD1222, Pfizer BioNTech - Comirnaty",,3,52967,62.291
Israel,ISR,EURO,REPORTING,2022-03-06,14313308,6750154,165.4,77.987,6172028,71.307,"AstraZeneca - Vaxzevria,Moderna - Spikevax,Pfizer BioNTech - Comirnaty",2020-12-16,3,1391126,16.1
Italy,ITA,EURO,REPORTING,2022-03-20,133201392,50320255,223.3,84.376,47328049,79.354,"AstraZeneca - Vaxzevria,Janssen - Ad26.COV 2-S,Moderna - Spikevax,Pfizer BioNTech - Comirnaty",2020-12-23,4,37032394,62.1
Jamaica,JAM,AMRO,REPORTING,2022-03-25,1389872,778882,46.937,26.303,670180,22.632,"AstraZeneca - Vaxzevria,Beijing CNBG - BBIBP-CorV,Janssen - Ad26.COV 2-S,Pfizer BioNTech - Comirnaty,SII - Covishield",2021-03-10,5,32297,1.091
Japan,JPN,WPRO,REPORTING,2022-03-17,244711875,102058113,193.484,80.693,100476635,79.443,"AstraZeneca - Vaxzevria,Moderna - Spikevax,Novavax - Covavax,Pfizer BioNTech - Comirnaty",2021-02-17,4,42177127,33.348
Jersey,JEY,EURO,OWID,2022-03-20,226090,82777,209.739,76.79,79327,73.59,"Moderna - mRNA-1273, AstraZeneca - AZD1222, Pfizer BioNTech - Comirnaty",,3,61488,57.041
Jordan,JOR,EMRO,REPORTING,2022-03-10,9727982,4714575,95.343,46.207,4412071,43.242,"AstraZeneca - Vaxzevria,Beijing CNBG - BBIBP-CorV,Gamaleya - Gam-Covid-Vac,Janssen - Ad26.COV 2-S,Moderna - Spikevax,Pfizer BioNTech - Comirnaty",2021-01-13,6,604845,5.928
Kazakhstan,KAZ,EURO,REPORTING,2022-03-13,22884871,10296766,121.9,54.838,9741845,51.883,"Beijing CNBG - BBIBP-CorV,Gamaleya - Gam-Covid-Vac,Pfizer BioNTech - Comirnaty,RIBSP - QazVac,Sinovac - CoronaVac",2021-04-07,5,2846260,15.2
Kenya,KEN,AFRO,REPORTING,2022-03-24,17439527,8994309,32.433,16.727,8172214,15.198,"Beijing CNBG - BBIBP-CorV,Janssen - Ad26.COV 2-S,Moderna - Spikevax,Pfizer BioNTech - Comirnaty,SII - Covishield",2021-03-05,5,268625,0.5
Kiribati,KIR,WPRO,REPORTING,2022-03-13,136758,78620,114.491,65.819,55333,46.324,"AstraZeneca - Vaxzevria,Beijing CNBG - BBIBP-CorV",2021-05-26,2,2805,2.348
Kosovo,XKX,EURO,REPORTING,2022-03-13,1816012,901367,101.1,50.197,816796,45.487,"AstraZeneca - AZD1222, Pfizer BioNTech - Comirnaty",,2,97849,5.4
Kuwait,KWT,EMRO,REPORTING,2022-03-24,7814545,3410314,182.986,79.856,3283891,76.896,"AstraZeneca - Vaxzevria,Beijing CNBG - BBIBP-CorV,Janssen - Ad26.COV 2-S,Moderna - Spikevax,Pfizer BioNTech - Comirnaty",2020-12-28,5,1120340,26.234
Kyrgyzstan,KGZ,EURO,REPORTING,2022-03-13,2615356,1360556,40.1,20.854,1167473,17.895,"AstraZeneca - Vaxzevria,Beijing CNBG - BBIBP-CorV,Gamaleya - Gam-Covid-Vac,Moderna - Spikevax,Pfizer BioNTech - Comirnaty,RIBSP - QazVac",2021-03-31,6,87327,1.3
Lao People's Democratic Republic,LAO,WPRO,REPORTING,2022-03-21,10003356,5528796,137.493,75.991,4421953,60.778,"AstraZeneca - Vaxzevria,Beijing CNBG - BBIBP-CorV,Gamaleya - Gam-Covid-Vac,Gamaleya - Sputnik-Light,Janssen - Ad26.COV 2-S,Pfizer BioNTech - Comirnaty,SII - Covishield,Sinovac - CoronaVac",2020-11-25,8,1098058,15.092
Latvia,LVA,EURO,REPORTING,2022-03-13,2797493,1297923,146.6,68.037,1264401,66.28,"AstraZeneca - Vaxzevria,Janssen - Ad26.COV 2-S,Moderna - Spikevax,Pfizer BioNTech - Comirnaty",2020-12-30,4,506766,26.6
Lebanon,LBN,EMRO,REPORTING,2022-03-24,5549991,2664034,81.313,39.031,2328272,34.112,"AstraZeneca - Vaxzevria,Beijing CNBG - BBIBP-CorV,Gamaleya - Gam-Covid-Vac,Pfizer BioNTech - Comirnaty",2021-02-14,4,557685,8.171
Lesotho,LSO,AFRO,REPORTING,2022-03-22,905438,782175,42.266,36.512,727528,33.961,"Beijing CNBG - BBIBP-CorV,Janssen - Ad26.COV 2-S,SII - Covishield",2021-03-10,3,0,0
Liberia,LBR,AFRO,REPORTING,2022-03-25,1132502,1047889,22.392,20.719,1015633,20.081,SII - Covishield,2021-04-01,1,1742,0.034
Libya,LBY,EMRO,REPORTING,2022-03-23,3415232,2200567,49.703,32.026,1125383,16.378,"AstraZeneca - Vaxzevria,Beijing CNBG - BBIBP-CorV,Gamaleya - Gam-Covid-Vac,Janssen - Ad26.COV 2-S,Moderna - Spikevax,Pfizer BioNTech - Comirnaty,Sinovac - CoronaVac",2021-04-11,7,89282,1.299
Liechtenstein,LIE,OTHER,OWID,2022-03-24,70434,26721,181.779,68.963,26395,68.121,"Janssen - Ad26.COV 2.5, Moderna - mRNA-1273, Pfizer BioNTech - Comirnaty",,3,18319,47.278
Lithuania,LTU,EURO,REPORTING,2022-03-20,4448099,1947233,159.2,69.845,1895265,67.831,"AstraZeneca - Vaxzevria,Janssen - Ad26.COV 2-S,Moderna - Spikevax,Pfizer BioNTech - Comirnaty",2020-12-23,4,875147,31.3
Luxembourg,LUX,EURO,REPORTING,2022-03-20,1225793,468538,195.8,74.833,460292,73.516,"AstraZeneca - Vaxzevria,Janssen - Ad26.COV 2-S,Moderna - Spikevax,Pfizer BioNTech - Comirnaty",2020-12-30,4,338338,54
Madagascar,MDG,AFRO,REPORTING,2022-03-22,1306962,1098703,4.72,3.968,1050879,3.795,"Beijing CNBG - BBIBP-CorV,Janssen - Ad26.COV 2-S,SII - Covishield",2021-05-10,3,27380,0.099
Malawi,MWI,AFRO,REPORTING,2022-03-13,1993981,1570322,10.423,8.209,861888,4.505,"Janssen - Ad26.COV 2-S,SII - Covishield",2021-03-11,2,0,0
Malaysia,MYS,WPRO,REPORTING,2022-03-18,68420253,27398016,211.395,84.651,25784349,79.665,"AstraZeneca - Vaxzevria,Beijing CNBG - BBIBP-CorV,CanSino - Convidecia,Gamaleya - Gam-Covid-Vac,Janssen - Ad26.COV 2-S,Moderna - Spikevax,Pfizer BioNTech - Comirnaty,Sinovac - CoronaVac",2021-02-24,8,15448156,47.73
Maldives,MDV,SEARO,REPORTING,2022-03-19,927010,398424,171.496,73.708,380462,70.385,"AstraZeneca - Vaxzevria,Beijing CNBG - BBIBP-CorV,Gamaleya - Gam-Covid-Vac,Janssen - Ad26.COV 2-S,Moderna - Spikevax,Pfizer BioNTech - Comirnaty,SII - Covishield,Sinovac - CoronaVac",2021-02-01,8,148124,27.403
Mali,MLI,AFRO,REPORTING,2022-03-25,1873615,1331919,9.252,6.577,978690,4.833,SII - Covishield,2021-03-31,1,,
Malta,MLT,EURO,REPORTING,2022-03-13,1198815,449023,233,87.263,442104,85.918,"AstraZeneca - Vaxzevria,Janssen - Ad26.COV 2-S,Moderna - Spikevax,Pfizer BioNTech - Comirnaty",2020-12-23,4,339952,66.1
Marshall Islands,MHL,WPRO,REPORTING,2022-03-17,57421,30074,97.005,50.806,24904,42.072,"Janssen - Ad26.COV 2-S,Moderna - Spikevax,Pfizer BioNTech - Comirnaty",2020-12-29,3,5152,8.704
Martinique,MTQ,AMRO,REPORTING,2022-03-25,374579,147511,99.817,39.308,142147,37.879,Pfizer BioNTech - Comirnaty,,1,84921,22.63
Mauritania,MRT,AFRO,REPORTING,2022-03-21,2650797,1553213,57.011,33.405,1057009,22.733,"Beijing CNBG - BBIBP-CorV,SII - Covishield",2021-03-26,2,40575,0.873
Mauritius,MUS,AFRO,REPORTING,2022-03-11,2494317,1000474,196.13,78.668,963452,75.757,"Beijing CNBG - BBIBP-CorV,Bharat - Covaxin,SII - Covishield",2021-01-26,3,530381,41.704
Mexico,MEX,AMRO,REPORTING,2022-03-25,189401299,85547481,146.899,66.35,79582845,61.724,"AstraZeneca - Vaxzevria,CanSino - Convidecia,Gamaleya - Gam-Covid-Vac,Janssen - Ad26.COV 2-S,Moderna - Spikevax,Pfizer BioNTech - Comirnaty,Sinovac - CoronaVac",2020-12-24,7,33574098,26.04
Micronesia (Federated States of),FSM,WPRO,REPORTING,2022-03-17,110099,62087,95.719,53.978,51505,44.778,"AstraZeneca - Vaxzevria,Janssen - Ad26.COV 2-S,Moderna - Spikevax,Pfizer BioNTech - Comirnaty",2021-01-13,4,9293,8.079
Monaco,MCO,EURO,REPORTING,2021-12-21,65140,28875,166,73.578,25667,65.404,Pfizer BioNTech - Comirnaty,2021-06-30,1,,
Mongolia,MNG,WPRO,REPORTING,2022-03-18,5586654,2272151,170.414,69.309,2174056,66.317,"AstraZeneca - Vaxzevria,Beijing CNBG - BBIBP-CorV,Gamaleya - Gam-Covid-Vac,Moderna - Spikevax,Pfizer BioNTech - Comirnaty,SII - Covishield",2021-02-23,6,1028570,31.375
Montenegro,MNE,EURO,REPORTING,2022-03-13,527706,275936,84,44.372,251770,40.486,"AstraZeneca - Vaxzevria,Beijing CNBG - BBIBP-CorV,Gamaleya - Gam-Covid-Vac,Pfizer BioNTech - Comirnaty",2021-02-24,4,0,0
Montserrat,MSR,AMRO,REPORTING,2022-03-25,4211,1897,84.237,37.948,1804,36.087,AstraZeneca - Vaxzevria,2021-02-08,1,510,10.202
Morocco,MAR,EMRO,REPORTING,2022-03-23,54201634,24878016,146.846,67.401,23346308,63.251,"AstraZeneca - Vaxzevria,Beijing CNBG - BBIBP-CorV,Gamaleya - Gam-Covid-Vac,Janssen - Ad26.COV 2-S,Pfizer BioNTech - Comirnaty",2021-01-28,5,6075023,16.459
Mozambique,MOZ,AFRO,REPORTING,2022-03-25,26215793,14243939,83.876,45.573,13130997,42.012,"Beijing CNBG - BBIBP-CorV,Janssen - Ad26.COV 2-S,SII - Covishield",2021-03-08,3,297597,0.952
Myanmar,MMR,SEARO,REPORTING,2022-03-19,48265243,25654190,88.707,47.15,21624647,39.744,"Beijing CNBG - BBIBP-CorV,SII - Covishield",2021-01-27,2,986406,1.813
Namibia,NAM,AFRO,REPORTING,2022-03-25,834756,450833,32.853,17.743,383923,15.11,"Beijing CNBG - BBIBP-CorV,Janssen - Ad26.COV 2-S,Pfizer BioNTech - Comirnaty,SII - Covishield",2021-03-19,4,35908,1.413
Nauru,NRU,WPRO,REPORTING,2022-02-28,19466,9150,179.675,84.456,7674,70.833,"AstraZeneca - Vaxzevria,SII - Covishield",2021-04-09,2,2642,24.386
Nepal,NPL,SEARO,REPORTING,2022-03-21,42654571,21913623,146.394,75.209,18770559,64.422,"AstraZeneca - Vaxzevria,Beijing CNBG - BBIBP-CorV,Bharat - Covaxin,Gamaleya - Gam-Covid-Vac,Janssen - Ad26.COV 2-S,Moderna - Spikevax,Pfizer BioNTech - Comirnaty,SII - Covishield",2021-01-27,8,1970389,6.763
Netherlands,NLD,EURO,REPORTING,2022-03-20,34033491,13455761,195.5,77.298,12366525,71.041,"AstraZeneca - Vaxzevria,Janssen - Ad26.COV 2-S,Moderna - Spikevax,Pfizer BioNTech - Comirnaty",2021-01-06,4,9079746,52.2
New Caledonia,NCL,WPRO,REPORTING,2022-03-09,455721,187857,159.623,65.8,179523,62.881,"Janssen - Ad26.COV 2-S,Pfizer BioNTech - Comirnaty",2021-01-20,2,88341,30.943
New Zealand,NZL,WPRO,REPORTING,2022-03-18,10861103,4260150,225.23,88.344,3984279,82.623,"AstraZeneca - Vaxzevria,Janssen - Ad26.COV 2-S,Novavax - Covavax,Pfizer BioNTech - Comirnaty",2021-02-19,4,2576597,53.432
Nicaragua,NIC,AMRO,REPORTING,2022-03-25,9611936,5498389,145.096,83,4113547,62.095,"AstraZeneca - Vaxzevria,CIGB - CIGB-66,Finlay - Soberana Plus,Finlay - Soberana-02,Gamaleya - Gam-Covid-Vac,Gamaleya - Sputnik-Light,Janssen - Ad26.COV 2-S,Pfizer BioNTech - Comirnaty,SII - Covishield",2021-03-03,9,,
Niger,NER,AFRO,REPORTING,2022-03-24,2681673,2180972,11.078,9.01,1545630,6.385,"Beijing CNBG - BBIBP-CorV,SII - Covishield",2021-03-29,2,,
Nigeria,NGA,AFRO,REPORTING,2022-03-27,31391732,21049754,15.228,10.211,9565143,4.64,SII - Covishield,2021-03-05,1,776835,0.377
Niue,NIU,WPRO,REPORTING,2022-03-13,4161,1650,257.169,101.978,1417,87.577,Pfizer BioNTech - Comirnaty,2021-06-08,1,1094,67.614
North Macedonia,MKD,EURO,REPORTING,2022-03-20,1836421,852584,88.1,41.064,835151,40.224,"AstraZeneca - Vaxzevria,Beijing CNBG - BBIBP-CorV,Gamaleya - Gam-Covid-Vac,Pfizer BioNTech - Comirnaty,Sinovac - CoronaVac,Wuhan CNBG - Inactivated",2021-02-17,6,148686,7.1
Northern Mariana Islands (Commonwealth of the),MNP,WPRO,REPORTING,2022-03-16,,44512,,77.336,43590,75.734,"Janssen - Ad26.COV 2-S,Moderna - Spikevax,Pfizer BioNTech - Comirnaty",2020-12-19,3,,
Norway,NOR,EURO,REPORTING,2022-03-20,11256487,4329793,209.7,80.666,4031125,75.101,"AstraZeneca - Vaxzevria,Janssen - Ad26.COV 2-S,Moderna - Spikevax,Pfizer BioNTech - Comirnaty",2020-12-23,4,2902458,54.1
occupied Palestinian territory,PSE,EMRO,REPORTING,2022-03-24,3694897,1995873,72.429,39.124,1756319,34.428,"AstraZeneca - Vaxzevria,Beijing CNBG - BBIBP-CorV,Gamaleya - Gam-Covid-Vac,Gamaleya - Sputnik-Light,Janssen - Ad26.COV 2-S,Moderna - Spikevax,Pfizer BioNTech - Comirnaty,Sinovac - CoronaVac",2021-02-02,8,320841,6.289
Oman,OMN,EMRO,REPORTING,2022-03-22,6986946,3242461,136.821,63.495,3021149,59.161,"AstraZeneca - Vaxzevria,Gamaleya - Gam-Covid-Vac,Pfizer BioNTech - Comirnaty,SII - Covishield,Sinovac - CoronaVac",2020-12-29,5,723336,14.165
Pakistan,PAK,EMRO,REPORTING,2022-03-17,226203802,132004138,102.405,59.759,104543642,47.328,"Beijing CNBG - BBIBP-CorV,Bharat - Covaxin,CanSino - Convidecia,Gamaleya - Gam-Covid-Vac,Moderna - Spikevax,Pfizer BioNTech - Comirnaty,SII - Covishield,Sinovac - CoronaVac",2021-02-03,8,4869245,2.204
Palau,PLW,WPRO,REPORTING,2022-03-17,46724,20117,258.258,111.193,17833,98.568,"Janssen - Ad26.COV 2-S,Moderna - Spikevax,Pfizer BioNTech - Comirnaty",2021-01-03,3,11121,61.469
Panama,PAN,AMRO,REPORTING,2022-03-25,7869265,3429338,182.38,79.479,3011586,69.797,"AstraZeneca - Vaxzevria,Pfizer BioNTech - Comirnaty",2021-01-20,2,1428341,33.104
Papua New Guinea,PNG,WPRO,REPORTING,2022-03-22,422817,317150,4.726,3.545,257566,2.879,"AstraZeneca - Vaxzevria,Beijing CNBG - BBIBP-CorV,Janssen - Ad26.COV 2-S,SII - Covishield",2021-03-30,4,10114,0.113
Paraguay,PRY,AMRO,REPORTING,2022-03-25,8428214,3868131,118.166,54.232,3316744,46.502,"AstraZeneca - Vaxzevria,Beijing CNBG - BBIBP-CorV,Bharat - Covaxin,Gamaleya - Gam-Covid-Vac,Julphar - Hayat-Vax,Moderna - Spikevax,Pfizer BioNTech - Comirnaty,Sinovac - CoronaVac",2021-02-22,8,1243339,17.432
Peru,PER,AMRO,REPORTING,2022-03-25,66378815,28556070,201.32,86.607,25764605,78.141,"AstraZeneca - Vaxzevria,Beijing CNBG - BBIBP-CorV,Pfizer BioNTech - Comirnaty",2021-02-09,3,12058140,36.571
Philippines,PHL,WPRO,REPORTING,2022-03-17,139948193,70173137,127.712,64.038,65053515,59.366,"AstraZeneca - Vaxzevria,Beijing CNBG - BBIBP-CorV,Bharat - Covaxin,Gamaleya - Gam-Covid-Vac,Gamaleya - Sputnik-Light,Janssen - Ad26.COV 2-S,Julphar - Hayat-Vax,Moderna - Spikevax,Novavax - Covavax,Pfizer BioNTech - Comirnaty,Sinovac - CoronaVac",2021-03-01,11,11427085,10.428
Pitcairn Islands,PCN,WPRO,REPORTING,2022-02-28,106,46,212,92,37,74,AstraZeneca - Vaxzevria,2021-05-17,1,23,46
Poland,POL,EURO,REPORTING,2022-03-20,53712729,22666474,141.5,59.714,22338421,58.85,"AstraZeneca - Vaxzevria,Janssen - Ad26.COV 2-S,Moderna - Spikevax,Pfizer BioNTech - Comirnaty",2020-12-23,4,11428848,30.1
Portugal,PRT,EURO,REPORTING,2022-03-20,23586345,9673256,229.1,94.037,8785836,85.333,"AstraZeneca - Vaxzevria,Janssen - Ad26.COV 2-S,Moderna - Spikevax,Pfizer BioNTech - Comirnaty",2020-12-23,4,6251228,60.7
Puerto Rico,PRI,AMRO,REPORTING,2022-03-25,7048157,3122798,246.366,109.156,2620115,91.585,"Janssen - Ad26.COV 2-S,Moderna - Spikevax,Pfizer BioNTech - Comirnaty",,3,1446524,50.563
Qatar,QAT,EMRO,REPORTING,2022-03-24,6575051,2593517,228.217,90.02,2593517,90.02,"AstraZeneca - Vaxzevria,Janssen - Ad26.COV 2-S,Moderna - Spikevax,Pfizer BioNTech - Comirnaty",2020-12-23,4,1411968,49.009
Republic of Korea,KOR,WPRO,REPORTING,2022-03-21,120081688,44849922,234.218,87.479,44382343,86.567,"AstraZeneca - Vaxzevria,Janssen - Ad26.COV 2-S,Moderna - Spikevax,Novavax - Covavax,Pfizer BioNTech - Comirnaty",2021-02-26,5,32364819,63.127
Republic of Moldova,MDA,EURO,REPORTING,2022-03-13,2125665,1083286,52.7,26.854,1047814,25.975,"AstraZeneca - Vaxzevria,Beijing CNBG - BBIBP-CorV,Gamaleya - Gam-Covid-Vac,Janssen - Ad26.COV 2-S,Moderna - Spikevax,Pfizer BioNTech - Comirnaty,Sinovac - CoronaVac",2021-03-03,7,295986,7.3
Romania,ROU,EURO,REPORTING,2022-03-20,15928631,8162071,82.4,42.227,8095863,41.885,"AstraZeneca - Vaxzevria,Janssen - Ad26.COV 2-S,Moderna - Spikevax,Pfizer BioNTech - Comirnaty",2021-01-27,4,1680421,8.7
Russian Federation,RUS,EURO,OWID,2022-03-22,162052208,79097971,111,54.201,72387464,49.603,"SRCVB - EpiVacCorona, Gamaleya - Sputnik V",,2,,
Rwanda,RWA,AFRO,REPORTING,2022-02-24,19421047,8895871,149.944,68.682,8036044,62.044,"Beijing CNBG - BBIBP-CorV,Gamaleya - Gam-Covid-Vac,Janssen - Ad26.COV 2-S,Moderna - Spikevax,Pfizer BioNTech - Comirnaty,SII - Covishield,Sinovac - CoronaVac",2021-03-05,7,2489132,19.218
Saba,XCA,AMRO,REPORTING,2022-03-25,3156,1585,163.27,81.997,1571,81.273,,,,,
Saint Helena,SHN,AFRO,OWID,2021-05-05,7892,4361,129.995,71.833,3531,58.162,AstraZeneca - AZD1222,,1,,
Saint Kitts and Nevis,KNA,AMRO,REPORTING,2022-03-25,57949,28273,108.943,53.153,26500,49.82,"AstraZeneca - Vaxzevria,Pfizer BioNTech - Comirnaty,SII - Covishield",2021-02-22,3,3176,5.971
Saint Lucia,LCA,AMRO,REPORTING,2022-03-25,117740,58119,64.119,31.651,52713,28.707,"AstraZeneca - Vaxzevria,Pfizer BioNTech - Comirnaty,SII - Covishield",2021-02-17,3,6908,3.762
Saint Vincent and the Grenadines,VCT,AMRO,REPORTING,2022-03-25,69602,36033,62.738,32.48,30123,27.153,"AstraZeneca - Vaxzevria,Gamaleya - Gam-Covid-Vac,Gamaleya - Sputnik-Light,Pfizer BioNTech - Comirnaty,SII - Covishield",2021-02-01,5,3446,3.106
Samoa,WSM,WPRO,REPORTING,2022-03-16,304893,173862,153.665,87.626,131031,66.039,"AstraZeneca - Vaxzevria,Pfizer BioNTech - Comirnaty",2021-04-18,2,,
San Marino,SMR,EURO,REPORTING,2022-03-20,68230,26331,201,76.426,23602,68.505,"Gamaleya - Gam-Covid-Vac,Pfizer BioNTech - Comirnaty",2021-02-24,2,18297,53.9
Sao Tome and Principe,STP,AFRO,REPORTING,2022-03-07,205085,113027,93.578,51.573,86046,39.262,"AstraZeneca - Vaxzevria,SII - Covishield",2021-03-15,2,4244,1.936
Saudi Arabia,SAU,EMRO,REPORTING,2022-03-23,62388851,26167138,179.207,75.163,24460457,70.261,"AstraZeneca - Vaxzevria,Janssen - Ad26.COV 2-S,Moderna - Spikevax,Pfizer BioNTech - Comirnaty",2021-01-06,4,11761256,33.783
Senegal,SEN,AFRO,REPORTING,2022-03-15,2496373,1457116,14.909,8.702,1039257,6.207,"Beijing CNBG - BBIBP-CorV,Janssen - Ad26.COV 2-S,SII - Covishield",2021-02-23,3,3430,0.02
Serbia,SRB,EURO,REPORTING,2022-03-06,6651931,3370395,96,48.658,3281536,47.375,"AstraZeneca - Vaxzevria,Beijing CNBG - BBIBP-CorV,Gamaleya - Gam-Covid-Vac,Moderna - Spikevax,Pfizer BioNTech - Comirnaty",2020-12-23,5,0,0
Seychelles,SYC,AFRO,REPORTING,2022-03-18,199466,84327,202.819,85.744,80089,81.435,"Beijing CNBG - BBIBP-CorV,Gamaleya - Gam-Covid-Vac,Julphar - Hayat-Vax,SII - Covishield",2021-01-10,4,34913,35.5
Sierra Leone,SLE,AFRO,REPORTING,2022-03-15,2134324,1727305,26.756,21.654,1114047,13.966,"Beijing CNBG - BBIBP-CorV,SII - Covishield",2021-03-15,2,2767,0.035
Singapore,SGP,WPRO,REPORTING,2022-03-14,13721340,4998970,234.539,85.447,4945516,84.534,"AstraZeneca - Vaxzevria,Beijing CNBG - BBIBP-CorV,Moderna - Spikevax,Pfizer BioNTech - Comirnaty",2020-12-30,4,3776854,64.558
Sint Eustatius,XBA,AMRO,REPORTING,2022-03-25,3110,1588,99.076,50.589,1522,48.487,,,,,
Sint Maarten,SXM,AMRO,REPORTING,2022-03-25,62043,27974,144.683,65.235,25970,60.562,"AstraZeneca - Vaxzevria,Moderna - Spikevax,Pfizer BioNTech - Comirnaty",2021-02-22,3,8099,18.887
Slovakia,SVK,EURO,REPORTING,2022-03-20,7041326,2819128,129,51.653,2766463,50.688,"AstraZeneca - Vaxzevria,Gamaleya - Gam-Covid-Vac,Janssen - Ad26.COV 2-S,Moderna - Spikevax,Pfizer BioNTech - Comirnaty",2021-01-06,5,1627746,29.8
Slovenia,SVN,EURO,REPORTING,2022-03-20,2943756,1239783,140.5,59.154,1207737,57.625,"AstraZeneca - Vaxzevria,Janssen - Ad26.COV 2-S,Moderna - Spikevax,Pfizer BioNTech - Comirnaty",2020-12-23,4,632254,30.2
Solomon Islands,SLB,WPRO,REPORTING,2022-03-20,358595,235668,52.206,34.31,122405,17.82,"AstraZeneca - Vaxzevria,Beijing CNBG - BBIBP-CorV,Pfizer BioNTech - Comirnaty,SII - Covishield",2021-03-23,4,797,0.116
Somalia,SOM,EMRO,REPORTING,2022-03-22,2395219,1929472,15.071,12.14,1290895,8.122,"Beijing CNBG - BBIBP-CorV,Janssen - Ad26.COV 2-S,SII - Covishield,Sinovac - CoronaVac",2021-03-16,4,,
South Africa,ZAF,AFRO,REPORTING,2022-03-27,33405701,21674770,56.325,36.546,18602475,31.366,"Janssen - Ad26.COV 2-S,Pfizer BioNTech - Comirnaty",2021-02-17,2,2078695,3.505
South Sudan,SSD,AFRO,REPORTING,2022-03-23,575057,526243,5.137,4.701,482816,4.313,"Janssen - Ad26.COV 2-S,SII - Covishield",2021-04-06,2,0,0
Spain,ESP,EURO,REPORTING,2022-03-20,100450807,41103288,212.2,86.839,36984347,78.137,"AstraZeneca - Vaxzevria,Janssen - Ad26.COV 2-S,Moderna - Spikevax,Pfizer BioNTech - Comirnaty",2020-12-30,4,24343295,51.4
Sri Lanka,LKA,SEARO,REPORTING,2022-03-21,39087900,16994196,182.541,79.363,14381844,67.163,"AstraZeneca - Vaxzevria,Beijing CNBG - BBIBP-CorV,Gamaleya - Gam-Covid-Vac,Moderna - Spikevax,Pfizer BioNTech - Comirnaty,SII - Covishield",2021-01-29,6,7711860,36.014
Sudan,SDN,EMRO,REPORTING,2022-03-07,6131070,5171677,13.982,11.794,2746556,6.264,"Beijing CNBG - BBIBP-CorV,Janssen - Ad26.COV 2-S,Pfizer BioNTech - Comirnaty,SII - Covishield,Sinovac - CoronaVac",2021-03-09,5,,
Suriname,SUR,AMRO,REPORTING,2022-03-25,551201,267084,93.96,45.528,236852,40.375,"AstraZeneca - Vaxzevria,Beijing CNBG - BBIBP-CorV,Moderna - Spikevax,Pfizer BioNTech - Comirnaty,SII - Covishield",2021-02-23,5,47265,8.057
Sweden,SWE,EURO,REPORTING,2022-03-20,20028687,7540029,193.9,73.009,7364421,71.308,"AstraZeneca - Vaxzevria,Moderna - Spikevax,Pfizer BioNTech - Comirnaty",2020-12-23,3,5124237,49.6
Switzerland,CHE,EURO,REPORTING,2022-03-13,11845392,6079668,136.9,70.644,5823654,67.669,"Janssen - Ad26.COV 2-S,Moderna - Spikevax,Pfizer BioNTech - Comirnaty",2020-12-23,3,0,0
Syrian Arab Republic,SYR,EMRO,REPORTING,2022-03-23,3369196,2308843,19.252,13.193,1318742,7.535,"Beijing CNBG - BBIBP-CorV,Gamaleya - Gam-Covid-Vac,Gamaleya - Sputnik-Light,Janssen - Ad26.COV 2-S,SII - Covishield,Sinovac - CoronaVac",2021-04-01,6,6755,0.039
Tajikistan,TJK,EURO,REPORTING,2022-03-13,10439469,5085230,109.5,53.317,4614268,48.38,"AstraZeneca - Vaxzevria,Gamaleya - Gam-Covid-Vac,Moderna - Spikevax,Pfizer BioNTech - Comirnaty,SII - Covishield,Sinovac - CoronaVac",2021-03-24,6,739971,7.8
Thailand,THA,SEARO,REPORTING,2022-03-21,127277043,54880065,182.345,78.625,50019430,71.661,"AstraZeneca - Vaxzevria,Beijing CNBG - BBIBP-CorV,Janssen - Ad26.COV 2-S,Moderna - Spikevax,Pfizer BioNTech - Comirnaty,SII - Covishield,Sinovac - CoronaVac",2021-02-28,7,22377548,32.06
The United Kingdom,GBR,EURO,REPORTING,2022-03-21,140708434,52747246,207.3,77.501,49312977,72.455,"AstraZeneca - Vaxzevria,Moderna - Spikevax,Pfizer BioNTech - Comirnaty",2020-12-21,3,,
Timor-Leste,TLS,SEARO,REPORTING,2022-03-22,1297126,700055,98.383,53.097,578949,43.912,"AstraZeneca - Vaxzevria,Pfizer BioNTech - Comirnaty,SII - Covishield,Sinovac - CoronaVac",2021-04-07,4,18122,1.374
Togo,TGO,AFRO,REPORTING,2022-03-11,2757575,1558542,33.309,18.826,1557538,18.814,SII - Covishield,2021-03-10,1,40962,0.495
Tokelau,TKL,WPRO,REPORTING,2021-09-28,1936,968,143.407,71.704,968,71.704,Pfizer BioNTech - Comirnaty,2021-07-20,1,,
Tonga,TON,WPRO,REPORTING,2022-02-18,157483,75868,148.998,71.78,69092,65.369,"AstraZeneca - Vaxzevria,Pfizer BioNTech - Comirnaty",2021-04-14,2,12523,11.848
Trinidad and Tobago,TTO,AMRO,REPORTING,2022-03-25,1541448,745588,110.144,53.276,708139,50.6,"AstraZeneca - Vaxzevria,Beijing CNBG - BBIBP-CorV,Janssen - Ad26.COV 2-S,Pfizer BioNTech - Comirnaty,SII - Covishield",2021-02-17,5,143997,10.289
Tunisia,TUN,EMRO,REPORTING,2022-03-21,13037269,7204149,110.311,60.956,6345597,53.692,"AstraZeneca - Vaxzevria,Beijing CNBG - BBIBP-CorV,Gamaleya - Gam-Covid-Vac,Janssen - Ad26.COV 2-S,Moderna - Spikevax,Pfizer BioNTech - Comirnaty,Sinovac - CoronaVac",2021-03-13,7,1165182,9.859
Turkey,TUR,EURO,OWID,2022-03-22,146446575,57753041,173.6,69.452,52927949,63.65,"Pfizer BioNTech - Comirnaty, Sinovac - CoronaVac, Turkovac",,3,,
Turkmenistan,TKM,EURO,REPORTING,2021-09-05,7580976,4374694,125.7,72.535,3206282,53.162,"Anhui ZL - Recombinant,AstraZeneca - Vaxzevria,Beijing CNBG - BBIBP-CorV,Gamaleya - Gam-Covid-Vac,RIBSP - QazVac,SRCVB - EpiVacCorona",2021-02-24,6,0,0
Turks and Caicos Islands,TCA,AMRO,REPORTING,2022-03-25,68670,31419,177.359,81.148,29400,75.934,Pfizer BioNTech - Comirnaty,2021-01-11,1,7851,20.277
Tuvalu,TUV,WPRO,REPORTING,2021-10-22,12114,6230,102.731,52.832,5884,49.898,AstraZeneca - Vaxzevria,2021-04-13,1,,
Uganda,UGA,AFRO,REPORTING,2022-03-14,17197954,14131307,37.599,30.894,8014082,17.521,"Janssen - Ad26.COV 2-S,Moderna - Spikevax,Pfizer BioNTech - Comirnaty,SII - Covishield,Sinovac - CoronaVac",2021-03-10,5,23898,0.052
Ukraine,UKR,EURO,REPORTING,2022-02-27,31668577,15774300,72.4,36.069,15153577,34.65,"AstraZeneca - Vaxzevria,Janssen - Ad26.COV 2-S,Moderna - Spikevax,Pfizer BioNTech - Comirnaty,SII - Covishield,Sinovac - CoronaVac",2021-02-24,6,741197,1.7
United Arab Emirates,ARE,EMRO,REPORTING,2022-03-24,24444320,9991089,247.152,101.018,9673372,97.806,"AstraZeneca - Vaxzevria,Beijing CNBG - BBIBP-CorV,Gamaleya - Gam-Covid-Vac,Pfizer BioNTech - Comirnaty,SII - Covishield",2020-12-14,5,,
United Republic of Tanzania,TZA,AFRO,REPORTING,2022-03-23,5031070,3941772,8.422,6.599,3067877,5.136,"Beijing CNBG - BBIBP-CorV,Janssen - Ad26.COV 2-S,Pfizer BioNTech - Comirnaty",2021-07-28,3,0,0
United States of America,USA,AMRO,REPORTING,2022-03-25,544622140,255218888,164.537,77.105,212121252,64.084,"Janssen - Ad26.COV 2-S,Moderna - Spikevax,Pfizer BioNTech - Comirnaty",2020-12-14,3,94079159,28.422
Uruguay,URY,AMRO,REPORTING,2022-03-25,7990513,2971236,230.027,85.534,2838868,81.724,"AstraZeneca - Vaxzevria,Pfizer BioNTech - Comirnaty,Sinovac - CoronaVac",2021-02-27,3,2180409,62.769
Uzbekistan,UZB,EURO,REPORTING,2022-03-13,44177104,18633103,132,55.672,13852504,41.389,"Anhui ZL - Recombinant,Gamaleya - Gam-Covid-Vac,Gamaleya - Sputnik-Light,Moderna - Spikevax,Pfizer BioNTech - Comirnaty,SII - Covishield,Sinovac - CoronaVac",2021-04-28,7,1949455,5.8
Vanuatu,VUT,WPRO,REPORTING,2022-02-20,197335,114284,64.248,37.208,85180,27.733,"AstraZeneca - Vaxzevria,Beijing CNBG - BBIBP-CorV,Janssen - Ad26.COV 2-S",2021-06-02,3,346,0.113
Venezuela (Bolivarian Republic of),VEN,AMRO,REPORTING,2022-03-25,37860994,22157232,133.145,77.92,14287370,50.244,"Beijing CNBG - BBIBP-CorV,CIGB - CIGB-66,Finlay - Soberana-02,Gamaleya - Gam-Covid-Vac,Gamaleya - Sputnik-Light,Sinovac - CoronaVac",2021-02-22,6,651502,2.291
Viet Nam,VNM,WPRO,REPORTING,2022-03-17,201405935,79686878,206.913,81.866,76170741,78.253,"AstraZeneca - Vaxzevria,Beijing CNBG - BBIBP-CorV,CIGB - CIGB-66,Gamaleya - Gam-Covid-Vac,Moderna - Spikevax,Pfizer BioNTech - Comirnaty",2021-03-08,6,44053278,45.258
Wallis and Futuna,WLF,WPRO,REPORTING,2022-03-12,15993,6519,142.211,57.967,6515,57.932,Moderna - Spikevax,2021-03-19,1,2959,26.312
Yemen,YEM,EMRO,REPORTING,2022-03-16,807502,643501,2.707,2.158,404781,1.357,"Janssen - Ad26.COV 2-S,SII - Covishield,Sinovac - CoronaVac",2021-04-20,3,,
Zambia,ZMB,AFRO,REPORTING,2022-03-20,3264492,2829929,17.757,15.393,2078411,11.306,"Beijing CNBG - BBIBP-CorV,Janssen - Ad26.COV 2-S,SII - Covishield",2021-04-14,3,51258,0.279
Zimbabwe,ZWE,AFRO,REPORTING,2022-03-25,8366555,4700828,56.291,31.628,3458864,23.272,"Beijing CNBG - BBIBP-CorV,Bharat - Covaxin,Gamaleya - Gam-Covid-Vac,Sinovac - CoronaVac",2021-02-18,4,206863,1.392
